-- MySQL dump 10.13  Distrib 8.0.17, for Win64 (x86_64)
--
-- Host: localhost    Database: acme-incubator
-- ------------------------------------------------------
-- Server version	8.0.17

/*!40101 SET @OLD_CHARACTER_SET_CLIENT=@@CHARACTER_SET_CLIENT */;
/*!40101 SET @OLD_CHARACTER_SET_RESULTS=@@CHARACTER_SET_RESULTS */;
/*!40101 SET @OLD_COLLATION_CONNECTION=@@COLLATION_CONNECTION */;
/*!50503 SET NAMES utf8 */;
/*!40103 SET @OLD_TIME_ZONE=@@TIME_ZONE */;
/*!40103 SET TIME_ZONE='+00:00' */;
/*!40014 SET @OLD_UNIQUE_CHECKS=@@UNIQUE_CHECKS, UNIQUE_CHECKS=0 */;
/*!40014 SET @OLD_FOREIGN_KEY_CHECKS=@@FOREIGN_KEY_CHECKS, FOREIGN_KEY_CHECKS=0 */;
/*!40101 SET @OLD_SQL_MODE=@@SQL_MODE, SQL_MODE='NO_AUTO_VALUE_ON_ZERO' */;
/*!40111 SET @OLD_SQL_NOTES=@@SQL_NOTES, SQL_NOTES=0 */;

--
-- Table structure for table `accounting_record`
--

DROP TABLE IF EXISTS `accounting_record`;
/*!40101 SET @saved_cs_client     = @@character_set_client */;
/*!50503 SET character_set_client = utf8mb4 */;
CREATE TABLE `accounting_record` (
  `id` int(11) NOT NULL,
  `version` int(11) NOT NULL,
  `body` varchar(255) DEFAULT NULL,
  `creation_moment` datetime(6) DEFAULT NULL,
  `status` int(11) DEFAULT NULL,
  `title` varchar(255) DEFAULT NULL,
  `bookkeeper_id` int(11) NOT NULL,
  `round_id` int(11) NOT NULL,
  PRIMARY KEY (`id`),
  KEY `FK41jm4vk7runvmg5tderffrele` (`bookkeeper_id`),
  KEY `FKfvepcb78ijkrgbxua9w2wjnut` (`round_id`),
  CONSTRAINT `FK41jm4vk7runvmg5tderffrele` FOREIGN KEY (`bookkeeper_id`) REFERENCES `bookkeeper` (`id`),
  CONSTRAINT `FKfvepcb78ijkrgbxua9w2wjnut` FOREIGN KEY (`round_id`) REFERENCES `investment_round` (`id`)
) ENGINE=InnoDB DEFAULT CHARSET=utf8mb4 COLLATE=utf8mb4_0900_ai_ci;
/*!40101 SET character_set_client = @saved_cs_client */;

--
-- Dumping data for table `accounting_record`
--

LOCK TABLES `accounting_record` WRITE;
/*!40000 ALTER TABLE `accounting_record` DISABLE KEYS */;
INSERT INTO `accounting_record` VALUES (1780,0,'Accounting record for investment round 1','2020-02-02 18:22:00.000000',0,'Accounting record 1',1703,1731),(1781,0,'Accounting record for investment round 2','2020-03-12 22:43:00.000000',1,'Accounting record 2',1703,1732),(1782,0,'Accounting record for investment round 1','2019-12-06 02:42:00.000000',0,'Accounting record 3',1706,1731),(1783,0,'Accounting record for investment round 3','2019-12-06 02:42:00.000000',0,'Accounting record 4',1703,1733),(1784,0,'Accounting record for investment round 1','2019-12-06 02:42:00.000000',1,'Accounting record 5',1706,1731),(1785,0,'Accounting record for investment round 5','2020-01-06 02:42:00.000000',1,'Accounting record 6',1709,1735),(1786,0,'Accounting record for investment round 2','2019-11-06 02:42:00.000000',0,'Accounting record 7',1709,1732),(1787,0,'Accounting record for investment round 4','2019-10-31 02:42:00.000000',1,'Accounting record 8',1709,1734),(1788,0,'Accounting record for investment round 2','2018-12-06 02:42:00.000000',1,'Accounting record 9',1706,1732),(1789,0,'Accounting record for investment round 3','2019-01-14 02:42:00.000000',1,'Accounting record 10',1703,1733),(1790,0,'Accounting record for investment round 5','2019-10-29 02:42:00.000000',1,'Accounting record 11',1706,1735);
/*!40000 ALTER TABLE `accounting_record` ENABLE KEYS */;
UNLOCK TABLES;

--
-- Table structure for table `activity`
--

DROP TABLE IF EXISTS `activity`;
/*!40101 SET @saved_cs_client     = @@character_set_client */;
/*!50503 SET character_set_client = utf8mb4 */;
CREATE TABLE `activity` (
  `id` int(11) NOT NULL,
  `version` int(11) NOT NULL,
  `amount_amount` double DEFAULT NULL,
  `amount_currency` varchar(255) DEFAULT NULL,
  `end_date` datetime(6) DEFAULT NULL,
  `start_date` datetime(6) DEFAULT NULL,
  `title` varchar(255) DEFAULT NULL,
  `round_id` int(11) NOT NULL,
  PRIMARY KEY (`id`),
  KEY `FK2iqusm3hm1rxyff6g12xp6q7x` (`round_id`),
  CONSTRAINT `FK2iqusm3hm1rxyff6g12xp6q7x` FOREIGN KEY (`round_id`) REFERENCES `investment_round` (`id`)
) ENGINE=InnoDB DEFAULT CHARSET=utf8mb4 COLLATE=utf8mb4_0900_ai_ci;
/*!40101 SET character_set_client = @saved_cs_client */;

--
-- Dumping data for table `activity`
--

LOCK TABLES `activity` WRITE;
/*!40000 ALTER TABLE `activity` DISABLE KEYS */;
INSERT INTO `activity` VALUES (1812,0,150,'‚Ç¨','2020-10-05 16:00:00.000000','2020-09-05 16:00:00.000000','Programme development',1731),(1813,0,50,'‚Ç¨','2020-12-25 17:00:00.000000','2020-12-25 09:00:00.000000','Running tour',1732),(1814,0,10,'‚Ç¨','2020-10-15 16:00:00.000000','2020-03-15 17:00:00.000000','Free activity',1731),(1815,0,750,'‚Ç¨','2020-12-18 17:00:00.000000','2020-10-27 09:00:00.000000','Sport actvity',1733),(1816,0,450,'‚Ç¨','2020-10-05 16:00:00.000000','2020-09-05 16:00:00.000000','Programme development',1732),(1817,0,2000,'‚Ç¨','2020-11-03 17:00:00.000000','2020-08-19 08:00:00.000000','Travel activity',1734),(1818,0,9000,'‚Ç¨','2020-08-17 16:00:00.000000','2020-07-23 08:00:00.000000','Tour activity',1734),(1819,0,200,'‚Ç¨','2020-10-05 16:00:00.000000','2020-09-05 16:00:00.000000','Cultural activity',1736),(1820,0,20,'‚Ç¨','2020-11-14 17:00:00.000000','2020-08-16 08:00:00.000000','Last activity',1731);
/*!40000 ALTER TABLE `activity` ENABLE KEYS */;
UNLOCK TABLES;

--
-- Table structure for table `activity_sector`
--

DROP TABLE IF EXISTS `activity_sector`;
/*!40101 SET @saved_cs_client     = @@character_set_client */;
/*!50503 SET character_set_client = utf8mb4 */;
CREATE TABLE `activity_sector` (
  `id` int(11) NOT NULL,
  `version` int(11) NOT NULL,
  `sector` varchar(255) DEFAULT NULL,
  PRIMARY KEY (`id`)
) ENGINE=InnoDB DEFAULT CHARSET=utf8mb4 COLLATE=utf8mb4_0900_ai_ci;
/*!40101 SET character_set_client = @saved_cs_client */;

--
-- Dumping data for table `activity_sector`
--

LOCK TABLES `activity_sector` WRITE;
/*!40000 ALTER TABLE `activity_sector` DISABLE KEYS */;
INSERT INTO `activity_sector` VALUES (1774,0,'TECHNOLOGY'),(1775,0,'SCIENCE'),(1776,0,'ARTS'),(1777,0,'BUSINESS'),(1778,0,'HEALTH');
/*!40000 ALTER TABLE `activity_sector` ENABLE KEYS */;
UNLOCK TABLES;

--
-- Table structure for table `administrator`
--

DROP TABLE IF EXISTS `administrator`;
/*!40101 SET @saved_cs_client     = @@character_set_client */;
/*!50503 SET character_set_client = utf8mb4 */;
CREATE TABLE `administrator` (
  `id` int(11) NOT NULL,
  `version` int(11) NOT NULL,
  `user_account_id` int(11) DEFAULT NULL,
  PRIMARY KEY (`id`),
  KEY `FK_2a5vcjo3stlfcwadosjfq49l1` (`user_account_id`),
  CONSTRAINT `FK_2a5vcjo3stlfcwadosjfq49l1` FOREIGN KEY (`user_account_id`) REFERENCES `user_account` (`id`)
) ENGINE=InnoDB DEFAULT CHARSET=utf8mb4 COLLATE=utf8mb4_0900_ai_ci;
/*!40101 SET character_set_client = @saved_cs_client */;

--
-- Dumping data for table `administrator`
--

LOCK TABLES `administrator` WRITE;
/*!40000 ALTER TABLE `administrator` DISABLE KEYS */;
INSERT INTO `administrator` VALUES (4,0,3);
/*!40000 ALTER TABLE `administrator` ENABLE KEYS */;
UNLOCK TABLES;

--
-- Table structure for table `anonymous`
--

DROP TABLE IF EXISTS `anonymous`;
/*!40101 SET @saved_cs_client     = @@character_set_client */;
/*!50503 SET character_set_client = utf8mb4 */;
CREATE TABLE `anonymous` (
  `id` int(11) NOT NULL,
  `version` int(11) NOT NULL,
  `user_account_id` int(11) DEFAULT NULL,
  PRIMARY KEY (`id`),
  KEY `FK_6lnbc6fo3om54vugoh8icg78m` (`user_account_id`),
  CONSTRAINT `FK_6lnbc6fo3om54vugoh8icg78m` FOREIGN KEY (`user_account_id`) REFERENCES `user_account` (`id`)
) ENGINE=InnoDB DEFAULT CHARSET=utf8mb4 COLLATE=utf8mb4_0900_ai_ci;
/*!40101 SET character_set_client = @saved_cs_client */;

--
-- Dumping data for table `anonymous`
--

LOCK TABLES `anonymous` WRITE;
/*!40000 ALTER TABLE `anonymous` DISABLE KEYS */;
INSERT INTO `anonymous` VALUES (2,0,1);
/*!40000 ALTER TABLE `anonymous` ENABLE KEYS */;
UNLOCK TABLES;

--
-- Table structure for table `authenticated`
--

DROP TABLE IF EXISTS `authenticated`;
/*!40101 SET @saved_cs_client     = @@character_set_client */;
/*!50503 SET character_set_client = utf8mb4 */;
CREATE TABLE `authenticated` (
  `id` int(11) NOT NULL,
  `version` int(11) NOT NULL,
  `user_account_id` int(11) DEFAULT NULL,
  PRIMARY KEY (`id`),
  KEY `FK_h52w0f3wjoi68b63wv9vwon57` (`user_account_id`),
  CONSTRAINT `FK_h52w0f3wjoi68b63wv9vwon57` FOREIGN KEY (`user_account_id`) REFERENCES `user_account` (`id`)
) ENGINE=InnoDB DEFAULT CHARSET=utf8mb4 COLLATE=utf8mb4_0900_ai_ci;
/*!40101 SET character_set_client = @saved_cs_client */;

--
-- Dumping data for table `authenticated`
--

LOCK TABLES `authenticated` WRITE;
/*!40000 ALTER TABLE `authenticated` DISABLE KEYS */;
INSERT INTO `authenticated` VALUES (5,0,3),(1704,0,1702),(1707,0,1705),(1710,0,1708),(1712,0,1711),(1714,0,1713),(1716,0,1715),(1718,0,1717),(1721,0,1719),(1724,0,1722),(1727,0,1725),(1730,0,1728);
/*!40000 ALTER TABLE `authenticated` ENABLE KEYS */;
UNLOCK TABLES;

--
-- Table structure for table `banner`
--

DROP TABLE IF EXISTS `banner`;
/*!40101 SET @saved_cs_client     = @@character_set_client */;
/*!50503 SET character_set_client = utf8mb4 */;
CREATE TABLE `banner` (
  `id` int(11) NOT NULL,
  `version` int(11) NOT NULL,
  `picture` varchar(255) DEFAULT NULL,
  `slogan` varchar(255) DEFAULT NULL,
  `url` varchar(255) DEFAULT NULL,
  `card_id` int(11) DEFAULT NULL,
  `patron_id` int(11) NOT NULL,
  PRIMARY KEY (`id`),
  KEY `FKfiondfno37y5go3uetvt06bp5` (`card_id`),
  KEY `FKdocr1jjfgwx9ef5jbf675l360` (`patron_id`),
  CONSTRAINT `FKdocr1jjfgwx9ef5jbf675l360` FOREIGN KEY (`patron_id`) REFERENCES `patron` (`id`),
  CONSTRAINT `FKfiondfno37y5go3uetvt06bp5` FOREIGN KEY (`card_id`) REFERENCES `credit_card` (`id`)
) ENGINE=InnoDB DEFAULT CHARSET=utf8mb4 COLLATE=utf8mb4_0900_ai_ci;
/*!40101 SET character_set_client = @saved_cs_client */;

--
-- Dumping data for table `banner`
--

LOCK TABLES `banner` WRITE;
/*!40000 ALTER TABLE `banner` DISABLE KEYS */;
INSERT INTO `banner` VALUES (1806,0,'https://image.freepik.com/vector-gratis/banner-sitio-web-profesional-formas-naranjas_1361-1755.jpg','Make things happen','https://www.pinterest.com',NULL,1726),(1807,0,'https://i.imgur.com/MtBRoNP.png','It¬¥s Ok','https://twitter.com',NULL,1726),(1808,0,'https://pbs.twimg.com/profile_images/976496583561924614/LSrj6dGh.jpg','Beer is life','https://www.cruzcampo.es/',NULL,1726),(1809,0,'https://www.reasonwhy.es/sites/default/files/coca_cola_renueva_logtipo_verano.png','Feel the Flavor of your favorite drink','https://www.cocacola.es/es/home/',NULL,1729),(1810,0,'https://www.lavanguardia.com/r/GODO/LV/p7/WebSite/2020/08/01/Recortada/AFP_1W484E_20200801050013-k6U-U482612689336AdE-992x558@LaVanguardia-Web.jpg','Make your day','https://www.tiktok.com/es/',NULL,1729),(1811,0,'https://estrellagalicia.es/wp-content/uploads/2018/02/compartir_RRSS_ES.jpg','To the bars, resistance!','https://estrellagalicia.es/',NULL,1729);
/*!40000 ALTER TABLE `banner` ENABLE KEYS */;
UNLOCK TABLES;

--
-- Table structure for table `bookkeeper`
--

DROP TABLE IF EXISTS `bookkeeper`;
/*!40101 SET @saved_cs_client     = @@character_set_client */;
/*!50503 SET character_set_client = utf8mb4 */;
CREATE TABLE `bookkeeper` (
  `id` int(11) NOT NULL,
  `version` int(11) NOT NULL,
  `user_account_id` int(11) DEFAULT NULL,
  `firm_name` varchar(255) DEFAULT NULL,
  `responsibility` varchar(255) DEFAULT NULL,
  PRIMARY KEY (`id`),
  KEY `FK_krvjp9eaqyapewl2igugbo9o8` (`user_account_id`),
  CONSTRAINT `FK_krvjp9eaqyapewl2igugbo9o8` FOREIGN KEY (`user_account_id`) REFERENCES `user_account` (`id`)
) ENGINE=InnoDB DEFAULT CHARSET=utf8mb4 COLLATE=utf8mb4_0900_ai_ci;
/*!40101 SET character_set_client = @saved_cs_client */;

--
-- Dumping data for table `bookkeeper`
--

LOCK TABLES `bookkeeper` WRITE;
/*!40000 ALTER TABLE `bookkeeper` DISABLE KEYS */;
INSERT INTO `bookkeeper` VALUES (1703,0,1702,'Acme SL','Counting dollars'),(1706,0,1705,'Acme SA','Counting millions'),(1709,0,1708,'Acme ST','Counter');
/*!40000 ALTER TABLE `bookkeeper` ENABLE KEYS */;
UNLOCK TABLES;

--
-- Table structure for table `bookkeeper_request`
--

DROP TABLE IF EXISTS `bookkeeper_request`;
/*!40101 SET @saved_cs_client     = @@character_set_client */;
/*!50503 SET character_set_client = utf8mb4 */;
CREATE TABLE `bookkeeper_request` (
  `id` int(11) NOT NULL,
  `version` int(11) NOT NULL,
  `firm_name` varchar(255) DEFAULT NULL,
  `responsibility` varchar(255) DEFAULT NULL,
  `status` varchar(255) DEFAULT NULL,
  `authenticated_id` int(11) NOT NULL,
  PRIMARY KEY (`id`),
  UNIQUE KEY `UK_qvxp9h7at8vjbwgpi9q5s3fpl` (`authenticated_id`),
  CONSTRAINT `FKhdducua8c58xhfrls8oiih3j0` FOREIGN KEY (`authenticated_id`) REFERENCES `authenticated` (`id`)
) ENGINE=InnoDB DEFAULT CHARSET=utf8mb4 COLLATE=utf8mb4_0900_ai_ci;
/*!40101 SET character_set_client = @saved_cs_client */;

--
-- Dumping data for table `bookkeeper_request`
--

LOCK TABLES `bookkeeper_request` WRITE;
/*!40000 ALTER TABLE `bookkeeper_request` DISABLE KEYS */;
/*!40000 ALTER TABLE `bookkeeper_request` ENABLE KEYS */;
UNLOCK TABLES;

--
-- Table structure for table `casasola_bulletin`
--

DROP TABLE IF EXISTS `casasola_bulletin`;
/*!40101 SET @saved_cs_client     = @@character_set_client */;
/*!50503 SET character_set_client = utf8mb4 */;
CREATE TABLE `casasola_bulletin` (
  `id` int(11) NOT NULL,
  `version` int(11) NOT NULL,
  `favourite_color` varchar(255) DEFAULT NULL,
  `favourite_number` int(11) DEFAULT NULL,
  `name` varchar(255) DEFAULT NULL,
  `surname` varchar(255) DEFAULT NULL,
  PRIMARY KEY (`id`)
) ENGINE=InnoDB DEFAULT CHARSET=utf8mb4 COLLATE=utf8mb4_0900_ai_ci;
/*!40101 SET character_set_client = @saved_cs_client */;

--
-- Dumping data for table `casasola_bulletin`
--

LOCK TABLES `casasola_bulletin` WRITE;
/*!40000 ALTER TABLE `casasola_bulletin` DISABLE KEYS */;
INSERT INTO `casasola_bulletin` VALUES (1696,0,'blue',16,'Mar√≠a','Casasola'),(1697,0,'red',23,'Javier','Ruiz'),(1698,0,'green',7,'Emilia','Coleto');
/*!40000 ALTER TABLE `casasola_bulletin` ENABLE KEYS */;
UNLOCK TABLES;

--
-- Table structure for table `challenge`
--

DROP TABLE IF EXISTS `challenge`;
/*!40101 SET @saved_cs_client     = @@character_set_client */;
/*!50503 SET character_set_client = utf8mb4 */;
CREATE TABLE `challenge` (
  `id` int(11) NOT NULL,
  `version` int(11) NOT NULL,
  `average_goal` varchar(255) DEFAULT NULL,
  `average_reward_amount` double DEFAULT NULL,
  `average_reward_currency` varchar(255) DEFAULT NULL,
  `deadline` datetime(6) DEFAULT NULL,
  `description` varchar(255) DEFAULT NULL,
  `expert_goal` varchar(255) DEFAULT NULL,
  `expert_reward_amount` double DEFAULT NULL,
  `expert_reward_currency` varchar(255) DEFAULT NULL,
  `rookie_goal` varchar(255) DEFAULT NULL,
  `rookie_reward_amount` double DEFAULT NULL,
  `rookie_reward_currency` varchar(255) DEFAULT NULL,
  `title` varchar(255) DEFAULT NULL,
  PRIMARY KEY (`id`)
) ENGINE=InnoDB DEFAULT CHARSET=utf8mb4 COLLATE=utf8mb4_0900_ai_ci;
/*!40101 SET character_set_client = @saved_cs_client */;

--
-- Dumping data for table `challenge`
--

LOCK TABLES `challenge` WRITE;
/*!40000 ALTER TABLE `challenge` DISABLE KEYS */;
INSERT INTO `challenge` VALUES (1767,0,'Medium quality video',100,'‚Ç¨','2025-11-26 11:45:00.000000','This is the description of a simple challenge','High quality video',200,'‚Ç¨','Low quality video',50,'‚Ç¨','Video challenge'),(1768,0,'Eat 4 dishes of food',200,'‚Ç¨','2023-01-09 12:00:00.000000','This is the description of a medium challenge','Eat 5 dishes of food',350,'‚Ç¨','Eat 3 dishes of food',150.5,'‚Ç¨','Food challenge'),(1769,0,'Get 5K views',220.65,'‚Ç¨','2019-01-17 20:30:00.000000','This is the description of a difficult challenge','Get 10K views',500,'‚Ç¨','Get 2K views',100.78,'‚Ç¨','Musical challenge'),(1770,0,'Medium quality programme',5000,'‚Ç¨','2023-01-26 21:45:00.000000','This is the description of a difficult challenge','High quality programme',10000,'‚Ç¨','Low quality programme',2000,'‚Ç¨','Programming challenge'),(1771,0,'Code development in 5 days',2500,'‚Ç¨','2023-05-29 16:00:00.000000','This is the description of a medium challenge','Code development in 3 days',3000,'‚Ç¨','Code development in 10 days',1000,'‚Ç¨','Development challenge'),(1772,0,'Medium choreography',450,'‚Ç¨','2019-11-07 10:30:00.000000','This is the description of a simple challenge','Difficult choreography',700,'‚Ç¨','Simple choreography',200,'‚Ç¨','Dance challenge');
/*!40000 ALTER TABLE `challenge` ENABLE KEYS */;
UNLOCK TABLES;

--
-- Table structure for table `coleto_bulletin`
--

DROP TABLE IF EXISTS `coleto_bulletin`;
/*!40101 SET @saved_cs_client     = @@character_set_client */;
/*!50503 SET character_set_client = utf8mb4 */;
CREATE TABLE `coleto_bulletin` (
  `id` int(11) NOT NULL,
  `version` int(11) NOT NULL,
  `age` int(11) DEFAULT NULL,
  `degree` varchar(255) DEFAULT NULL,
  `favourite_subject` varchar(255) DEFAULT NULL,
  `name` varchar(255) DEFAULT NULL,
  PRIMARY KEY (`id`)
) ENGINE=InnoDB DEFAULT CHARSET=utf8mb4 COLLATE=utf8mb4_0900_ai_ci;
/*!40101 SET character_set_client = @saved_cs_client */;

--
-- Dumping data for table `coleto_bulletin`
--

LOCK TABLES `coleto_bulletin` WRITE;
/*!40000 ALTER TABLE `coleto_bulletin` DISABLE KEYS */;
INSERT INTO `coleto_bulletin` VALUES (1699,0,25,'Computer Engineering','AISS','Juan Rodr√≠guez'),(1700,0,20,'Marketing','Statistics','Mar√≠a D√≠az'),(1701,0,19,'International Business','Economics','Lucas Carrillo');
/*!40000 ALTER TABLE `coleto_bulletin` ENABLE KEYS */;
UNLOCK TABLES;

--
-- Table structure for table `consumer`
--

DROP TABLE IF EXISTS `consumer`;
/*!40101 SET @saved_cs_client     = @@character_set_client */;
/*!50503 SET character_set_client = utf8mb4 */;
CREATE TABLE `consumer` (
  `id` int(11) NOT NULL,
  `version` int(11) NOT NULL,
  `user_account_id` int(11) DEFAULT NULL,
  `company` varchar(255) DEFAULT NULL,
  `sector` varchar(255) DEFAULT NULL,
  PRIMARY KEY (`id`),
  KEY `FK_6cyha9f1wpj0dpbxrrjddrqed` (`user_account_id`),
  CONSTRAINT `FK_6cyha9f1wpj0dpbxrrjddrqed` FOREIGN KEY (`user_account_id`) REFERENCES `user_account` (`id`)
) ENGINE=InnoDB DEFAULT CHARSET=utf8mb4 COLLATE=utf8mb4_0900_ai_ci;
/*!40101 SET character_set_client = @saved_cs_client */;

--
-- Dumping data for table `consumer`
--

LOCK TABLES `consumer` WRITE;
/*!40000 ALTER TABLE `consumer` DISABLE KEYS */;
/*!40000 ALTER TABLE `consumer` ENABLE KEYS */;
UNLOCK TABLES;

--
-- Table structure for table `credit_card`
--

DROP TABLE IF EXISTS `credit_card`;
/*!40101 SET @saved_cs_client     = @@character_set_client */;
/*!50503 SET character_set_client = utf8mb4 */;
CREATE TABLE `credit_card` (
  `id` int(11) NOT NULL,
  `version` int(11) NOT NULL,
  `brand` varchar(255) DEFAULT NULL,
  `cvv` varchar(255) DEFAULT NULL,
  `expiration_date` varchar(255) DEFAULT NULL,
  `holder` varchar(255) DEFAULT NULL,
  `number` varchar(255) DEFAULT NULL,
  `patron_id` int(11) DEFAULT NULL,
  PRIMARY KEY (`id`),
  KEY `FK31e9eqi896koc93q7yjs5yoox` (`patron_id`),
  CONSTRAINT `FK31e9eqi896koc93q7yjs5yoox` FOREIGN KEY (`patron_id`) REFERENCES `patron` (`id`)
) ENGINE=InnoDB DEFAULT CHARSET=utf8mb4 COLLATE=utf8mb4_0900_ai_ci;
/*!40101 SET character_set_client = @saved_cs_client */;

--
-- Dumping data for table `credit_card`
--

LOCK TABLES `credit_card` WRITE;
/*!40000 ALTER TABLE `credit_card` DISABLE KEYS */;
/*!40000 ALTER TABLE `credit_card` ENABLE KEYS */;
UNLOCK TABLES;

--
-- Table structure for table `discussion_forum`
--

DROP TABLE IF EXISTS `discussion_forum`;
/*!40101 SET @saved_cs_client     = @@character_set_client */;
/*!50503 SET character_set_client = utf8mb4 */;
CREATE TABLE `discussion_forum` (
  `id` int(11) NOT NULL,
  `version` int(11) NOT NULL,
  `investment_round_id` int(11) NOT NULL,
  PRIMARY KEY (`id`),
  UNIQUE KEY `UK_bh0lucmvo3025w2dl16tt130i` (`investment_round_id`),
  CONSTRAINT `FKmcgrpw22g3baap51wq319v1bp` FOREIGN KEY (`investment_round_id`) REFERENCES `investment_round` (`id`)
) ENGINE=InnoDB DEFAULT CHARSET=utf8mb4 COLLATE=utf8mb4_0900_ai_ci;
/*!40101 SET character_set_client = @saved_cs_client */;

--
-- Dumping data for table `discussion_forum`
--

LOCK TABLES `discussion_forum` WRITE;
/*!40000 ALTER TABLE `discussion_forum` DISABLE KEYS */;
INSERT INTO `discussion_forum` VALUES (1779,0,1731);
/*!40000 ALTER TABLE `discussion_forum` ENABLE KEYS */;
UNLOCK TABLES;

--
-- Table structure for table `discussion_forum_investor`
--

DROP TABLE IF EXISTS `discussion_forum_investor`;
/*!40101 SET @saved_cs_client     = @@character_set_client */;
/*!50503 SET character_set_client = utf8mb4 */;
CREATE TABLE `discussion_forum_investor` (
  `discussion_forum_id` int(11) NOT NULL,
  `investor_id` int(11) NOT NULL,
  KEY `FK3r7nywnm4qywhfagth8r77m0i` (`investor_id`),
  KEY `FKm5owhlecb7x22m3y73l50p0pb` (`discussion_forum_id`),
  CONSTRAINT `FK3r7nywnm4qywhfagth8r77m0i` FOREIGN KEY (`investor_id`) REFERENCES `investor` (`id`),
  CONSTRAINT `FKm5owhlecb7x22m3y73l50p0pb` FOREIGN KEY (`discussion_forum_id`) REFERENCES `discussion_forum` (`id`)
) ENGINE=InnoDB DEFAULT CHARSET=utf8mb4 COLLATE=utf8mb4_0900_ai_ci;
/*!40101 SET character_set_client = @saved_cs_client */;

--
-- Dumping data for table `discussion_forum_investor`
--

LOCK TABLES `discussion_forum_investor` WRITE;
/*!40000 ALTER TABLE `discussion_forum_investor` DISABLE KEYS */;
INSERT INTO `discussion_forum_investor` VALUES (1779,1792);
/*!40000 ALTER TABLE `discussion_forum_investor` ENABLE KEYS */;
UNLOCK TABLES;

--
-- Table structure for table `entrepreneur`
--

DROP TABLE IF EXISTS `entrepreneur`;
/*!40101 SET @saved_cs_client     = @@character_set_client */;
/*!50503 SET character_set_client = utf8mb4 */;
CREATE TABLE `entrepreneur` (
  `id` int(11) NOT NULL,
  `version` int(11) NOT NULL,
  `user_account_id` int(11) DEFAULT NULL,
  `activity_sector` tinyblob,
  `qualification_record` varchar(255) DEFAULT NULL,
  `skills_record` varchar(255) DEFAULT NULL,
  `start_up_name` varchar(255) DEFAULT NULL,
  PRIMARY KEY (`id`),
  KEY `FK_r6tqltqvrlh1cyy8rsj5pev1q` (`user_account_id`),
  CONSTRAINT `FK_r6tqltqvrlh1cyy8rsj5pev1q` FOREIGN KEY (`user_account_id`) REFERENCES `user_account` (`id`)
) ENGINE=InnoDB DEFAULT CHARSET=utf8mb4 COLLATE=utf8mb4_0900_ai_ci;
/*!40101 SET character_set_client = @saved_cs_client */;

--
-- Dumping data for table `entrepreneur`
--

LOCK TABLES `entrepreneur` WRITE;
/*!40000 ALTER TABLE `entrepreneur` DISABLE KEYS */;
INSERT INTO `entrepreneur` VALUES (1720,1,1719,_binary '¨\Ì\0sr\0,acme.entities.activitySectors.ActivitySector\0\0\0\0\0\0\0\0L\0sectort\0Ljava/lang/String;xr\0$acme.framework.entities.DomainEntity\0\0\0\0\0\0\0\0I\0idI\0versionxp\0\0Ò\0\0\0\0t\0BUSINESS','Qualification Record 1','Skills Record 1','Lisa West'),(1723,1,1722,_binary '¨\Ì\0sr\0,acme.entities.activitySectors.ActivitySector\0\0\0\0\0\0\0\0L\0sectort\0Ljava/lang/String;xr\0$acme.framework.entities.DomainEntity\0\0\0\0\0\0\0\0I\0idI\0versionxp\0\0\Ô\0\0\0\0t\0SCIENCE','Qualification Record 1','Skills Record 1','John Webster');
/*!40000 ALTER TABLE `entrepreneur` ENABLE KEYS */;
UNLOCK TABLES;

--
-- Table structure for table `hibernate_sequence`
--

DROP TABLE IF EXISTS `hibernate_sequence`;
/*!40101 SET @saved_cs_client     = @@character_set_client */;
/*!50503 SET character_set_client = utf8mb4 */;
CREATE TABLE `hibernate_sequence` (
  `next_val` bigint(20) DEFAULT NULL
) ENGINE=InnoDB DEFAULT CHARSET=utf8mb4 COLLATE=utf8mb4_0900_ai_ci;
/*!40101 SET character_set_client = @saved_cs_client */;

--
-- Dumping data for table `hibernate_sequence`
--

LOCK TABLES `hibernate_sequence` WRITE;
/*!40000 ALTER TABLE `hibernate_sequence` DISABLE KEYS */;
INSERT INTO `hibernate_sequence` VALUES (1830);
/*!40000 ALTER TABLE `hibernate_sequence` ENABLE KEYS */;
UNLOCK TABLES;

--
-- Table structure for table `inquire`
--

DROP TABLE IF EXISTS `inquire`;
/*!40101 SET @saved_cs_client     = @@character_set_client */;
/*!50503 SET character_set_client = utf8mb4 */;
CREATE TABLE `inquire` (
  `id` int(11) NOT NULL,
  `version` int(11) NOT NULL,
  `creation_date` datetime(6) DEFAULT NULL,
  `deadline` datetime(6) DEFAULT NULL,
  `description` varchar(255) DEFAULT NULL,
  `email` varchar(255) DEFAULT NULL,
  `max_money_amount` double DEFAULT NULL,
  `max_money_currency` varchar(255) DEFAULT NULL,
  `min_money_amount` double DEFAULT NULL,
  `min_money_currency` varchar(255) DEFAULT NULL,
  `title` varchar(255) DEFAULT NULL,
  PRIMARY KEY (`id`)
) ENGINE=InnoDB DEFAULT CHARSET=utf8mb4 COLLATE=utf8mb4_0900_ai_ci;
/*!40101 SET character_set_client = @saved_cs_client */;

--
-- Dumping data for table `inquire`
--

LOCK TABLES `inquire` WRITE;
/*!40000 ALTER TABLE `inquire` DISABLE KEYS */;
INSERT INTO `inquire` VALUES (1755,0,'2019-09-03 13:30:00.000000','2020-10-03 13:30:00.000000','Left wheel puncture','mechanicalworkshopdp@gmail.com',500,'‚Ç¨',350,'‚Ç¨','Failure on A-92'),(1756,0,'2020-03-07 20:54:00.000000','2030-10-03 13:30:00.000000','Budget for a software project','sftdevelop@gmail.com',10000,'‚Ç¨',5000,'‚Ç¨','Project budget'),(1757,0,'2020-05-23 08:03:00.000000','2029-10-03 13:30:00.000000','Museum doors opening hours','museum@gmail.com',30,'‚Ç¨',15,'‚Ç¨','Opening Hours'),(1758,0,'2020-02-04 15:35:00.000000','2020-10-03 19:30:00.000000','Light supply faulty','electricityDP@gmail.com',1500,'‚Ç¨',500,'‚Ç¨','Electric failure'),(1759,0,'2020-03-07 20:54:00.000000','2020-06-03 13:30:00.000000','Ask about the price of admission to the museum','museum@gmail.com',30,'‚Ç¨',10,'‚Ç¨','Museum entrance fee'),(1760,0,'2020-05-20 12:03:00.000000','2029-05-21 13:30:00.000000','Museum doors closing hours','museum@gmail.com',30,'‚Ç¨',15,'‚Ç¨','Closing Hours');
/*!40000 ALTER TABLE `inquire` ENABLE KEYS */;
UNLOCK TABLES;

--
-- Table structure for table `investment_application`
--

DROP TABLE IF EXISTS `investment_application`;
/*!40101 SET @saved_cs_client     = @@character_set_client */;
/*!50503 SET character_set_client = utf8mb4 */;
CREATE TABLE `investment_application` (
  `id` int(11) NOT NULL,
  `version` int(11) NOT NULL,
  `creation_moment` datetime(6) DEFAULT NULL,
  `justification` varchar(255) DEFAULT NULL,
  `money_offer_amount` double DEFAULT NULL,
  `money_offer_currency` varchar(255) DEFAULT NULL,
  `statement` varchar(255) DEFAULT NULL,
  `status` int(11) DEFAULT NULL,
  `ticker` varchar(255) DEFAULT NULL,
  `investment_applied_id` int(11) NOT NULL,
  `investor_id` int(11) NOT NULL,
  PRIMARY KEY (`id`),
  UNIQUE KEY `UK_b1dfm3w93774b32gkuqjte3uh` (`ticker`),
  KEY `FKsjmgti3uflddgogt0clorf8lt` (`investment_applied_id`),
  KEY `FK1u1q9mgfc9yhue8k5suie17ck` (`investor_id`),
  CONSTRAINT `FK1u1q9mgfc9yhue8k5suie17ck` FOREIGN KEY (`investor_id`) REFERENCES `investor` (`id`),
  CONSTRAINT `FKsjmgti3uflddgogt0clorf8lt` FOREIGN KEY (`investment_applied_id`) REFERENCES `investment_round` (`id`)
) ENGINE=InnoDB DEFAULT CHARSET=utf8mb4 COLLATE=utf8mb4_0900_ai_ci;
/*!40101 SET character_set_client = @saved_cs_client */;

--
-- Dumping data for table `investment_application`
--

LOCK TABLES `investment_application` WRITE;
/*!40000 ALTER TABLE `investment_application` DISABLE KEYS */;
INSERT INTO `investment_application` VALUES (1795,0,'2020-08-11 17:22:00.000000',NULL,1000,'‚Ç¨','This is a statement',0,'TEC-19-090909',1731,1794),(1796,0,'2020-08-09 17:22:00.000000',NULL,1600,'‚Ç¨','This is a statement',0,'SCI-19-222222',1732,1791),(1797,0,'2020-08-05 17:22:00.000000',NULL,1200,'‚Ç¨','This is a statement',0,'TEC-18-190709',1733,1791),(1798,0,'2020-07-29 17:22:00.000000',NULL,1500,'‚Ç¨','This is a statement',0,'SCI-17-244222',1732,1792),(1799,0,'2020-07-31 17:22:00.000000',NULL,1600,'‚Ç¨','This is a statement',1,'BUS-19-333333',1731,1792),(1800,0,'2020-08-10 17:22:00.000000',NULL,1600,'‚Ç¨','This is a statement',1,'BUS-19-333330',1733,1794),(1801,0,'2020-08-08 17:22:00.000000','This is the application number 7 justification',1600,'‚Ç¨','This is a statement',2,'BUS-19-333339',1734,1792),(1802,0,'2020-07-25 17:22:00.000000',NULL,1600,'‚Ç¨','This is a statement',0,'BUS-19-333338',1734,1793),(1803,0,'2020-08-03 17:22:00.000000',NULL,1600,'‚Ç¨','This is a statement',0,'BUS-19-333337',1732,1793),(1804,0,'2020-08-08 17:22:00.000000',NULL,1600,'‚Ç¨','This is a statement',0,'BUS-19-333336',1735,1792),(1805,0,'2020-08-08 17:22:00.000000',NULL,1600,'‚Ç¨','This is a statement',0,'BUS-19-333335',1735,1793);
/*!40000 ALTER TABLE `investment_application` ENABLE KEYS */;
UNLOCK TABLES;

--
-- Table structure for table `investment_round`
--

DROP TABLE IF EXISTS `investment_round`;
/*!40101 SET @saved_cs_client     = @@character_set_client */;
/*!50503 SET character_set_client = utf8mb4 */;
CREATE TABLE `investment_round` (
  `id` int(11) NOT NULL,
  `version` int(11) NOT NULL,
  `amount_amount` double DEFAULT NULL,
  `amount_currency` varchar(255) DEFAULT NULL,
  `creation_date` datetime(6) DEFAULT NULL,
  `description` varchar(255) DEFAULT NULL,
  `kind_of_round` int(11) DEFAULT NULL,
  `link` varchar(255) DEFAULT NULL,
  `ticker` varchar(255) DEFAULT NULL,
  `title` varchar(255) DEFAULT NULL,
  `entrepreneur_id` int(11) NOT NULL,
  PRIMARY KEY (`id`),
  UNIQUE KEY `UK_408l1ohatdkkut5bkt0eu6ifs` (`ticker`),
  KEY `FKkj1l8c2ftn9c65y061me6t37j` (`entrepreneur_id`),
  CONSTRAINT `FKkj1l8c2ftn9c65y061me6t37j` FOREIGN KEY (`entrepreneur_id`) REFERENCES `entrepreneur` (`id`)
) ENGINE=InnoDB DEFAULT CHARSET=utf8mb4 COLLATE=utf8mb4_0900_ai_ci;
/*!40101 SET character_set_client = @saved_cs_client */;

--
-- Dumping data for table `investment_round`
--

LOCK TABLES `investment_round` WRITE;
/*!40000 ALTER TABLE `investment_round` DISABLE KEYS */;
INSERT INTO `investment_round` VALUES (1731,0,200,'‚Ç¨','2020-03-05 17:00:00.000000','Investment for a development agency',0,'http://wego.com','ABC-00-123456','Friends',1720),(1732,0,500,'‚Ç¨','2019-02-25 10:50:00.000000','Investment for a travel agency',3,'http://youtour.com','DEF00-01-234567','Travel agency',1723),(1733,0,1000,'‚Ç¨','2019-12-05 20:00:00.000000','Investment for ACME S. L. ',2,'http://acme.com','DYI30-01-278567','Travel agency',1723),(1734,0,15000,'‚Ç¨','2018-09-01 14:19:00.000000','Investment for Tore Agency',5,'http://toreagency.com','UTG-56-100100','Travel agency',1720),(1735,0,50000,'‚Ç¨','2020-02-20 13:40:00.000000','Investment for Swery S. A.',3,'http://swery.com','UGG-76-109100','Travel agency',1720),(1736,0,250,'‚Ç¨','2020-07-20 12:40:00.000000','This round has not applications',2,'http://tohhi.com','SCI-76-109100','No applications round',1723);
/*!40000 ALTER TABLE `investment_round` ENABLE KEYS */;
UNLOCK TABLES;

--
-- Table structure for table `investor`
--

DROP TABLE IF EXISTS `investor`;
/*!40101 SET @saved_cs_client     = @@character_set_client */;
/*!50503 SET character_set_client = utf8mb4 */;
CREATE TABLE `investor` (
  `id` int(11) NOT NULL,
  `version` int(11) NOT NULL,
  `user_account_id` int(11) DEFAULT NULL,
  `firm_name` varchar(255) DEFAULT NULL,
  `profile` varchar(255) DEFAULT NULL,
  `sector_id` int(11) DEFAULT NULL,
  PRIMARY KEY (`id`),
  KEY `FKdhwcb7642hi219n23ajpvow43` (`sector_id`),
  KEY `FK_dcek5rr514s3rww0yy57vvnpq` (`user_account_id`),
  CONSTRAINT `FK_dcek5rr514s3rww0yy57vvnpq` FOREIGN KEY (`user_account_id`) REFERENCES `user_account` (`id`),
  CONSTRAINT `FKdhwcb7642hi219n23ajpvow43` FOREIGN KEY (`sector_id`) REFERENCES `activity_sector` (`id`)
) ENGINE=InnoDB DEFAULT CHARSET=utf8mb4 COLLATE=utf8mb4_0900_ai_ci;
/*!40101 SET character_set_client = @saved_cs_client */;

--
-- Dumping data for table `investor`
--

LOCK TABLES `investor` WRITE;
/*!40000 ALTER TABLE `investor` DISABLE KEYS */;
INSERT INTO `investor` VALUES (1791,0,1711,'Acme SL','Cinematographic and audiovisual production, distribution and exhibition; theatrical production and distribution, and creation and production of advertising campaigns and events',1774),(1792,0,1713,'DIGITAL ASSETS DEPLOYMENT','This fund is one of the oldest investment companies in Spain. It was launched by the legendary Rodolfo Carpintier more than a decade ago and focuses on offering seed capital',1775),(1793,0,1715,'ENCOMENDA','Super Angel Fund, invests in entrepreneurs who have already developed the minimum viable product and also in those who have already achieved their first metrics',1778),(1794,0,1717,'SEAYA VENTURES','Usually put a tab in businesses that have to do with the internet and technology',1777);
/*!40000 ALTER TABLE `investor` ENABLE KEYS */;
UNLOCK TABLES;

--
-- Table structure for table `investor_discussion_forum`
--

DROP TABLE IF EXISTS `investor_discussion_forum`;
/*!40101 SET @saved_cs_client     = @@character_set_client */;
/*!50503 SET character_set_client = utf8mb4 */;
CREATE TABLE `investor_discussion_forum` (
  `investor_id` int(11) NOT NULL,
  `forum_id` int(11) NOT NULL,
  KEY `FKrgsomed4msuh6btdjre6h85qf` (`forum_id`),
  KEY `FK3e7mj2mcs1kg5oiyjkjusng2x` (`investor_id`),
  CONSTRAINT `FK3e7mj2mcs1kg5oiyjkjusng2x` FOREIGN KEY (`investor_id`) REFERENCES `investor` (`id`),
  CONSTRAINT `FKrgsomed4msuh6btdjre6h85qf` FOREIGN KEY (`forum_id`) REFERENCES `discussion_forum` (`id`)
) ENGINE=InnoDB DEFAULT CHARSET=utf8mb4 COLLATE=utf8mb4_0900_ai_ci;
/*!40101 SET character_set_client = @saved_cs_client */;

--
-- Dumping data for table `investor_discussion_forum`
--

LOCK TABLES `investor_discussion_forum` WRITE;
/*!40000 ALTER TABLE `investor_discussion_forum` DISABLE KEYS */;
INSERT INTO `investor_discussion_forum` VALUES (1791,1779);
/*!40000 ALTER TABLE `investor_discussion_forum` ENABLE KEYS */;
UNLOCK TABLES;

--
-- Table structure for table `message`
--

DROP TABLE IF EXISTS `message`;
/*!40101 SET @saved_cs_client     = @@character_set_client */;
/*!50503 SET character_set_client = utf8mb4 */;
CREATE TABLE `message` (
  `id` int(11) NOT NULL,
  `version` int(11) NOT NULL,
  `body` varchar(255) DEFAULT NULL,
  `moment` datetime(6) DEFAULT NULL,
  `title` varchar(255) DEFAULT NULL,
  `forum_id` int(11) NOT NULL,
  PRIMARY KEY (`id`),
  KEY `FK7ju7uxmh5mdbjgrfwgoem3eqd` (`forum_id`),
  CONSTRAINT `FK7ju7uxmh5mdbjgrfwgoem3eqd` FOREIGN KEY (`forum_id`) REFERENCES `discussion_forum` (`id`)
) ENGINE=InnoDB DEFAULT CHARSET=utf8mb4 COLLATE=utf8mb4_0900_ai_ci;
/*!40101 SET character_set_client = @saved_cs_client */;

--
-- Dumping data for table `message`
--

LOCK TABLES `message` WRITE;
/*!40000 ALTER TABLE `message` DISABLE KEYS */;
INSERT INTO `message` VALUES (1828,0,'This challenge is too hard','2020-02-25 09:00:00.000000','Very hard challenge',1779),(1829,0,'I don\'t think it\'s good','2018-10-31 12:50:00.000000','Disagreement',1779);
/*!40000 ALTER TABLE `message` ENABLE KEYS */;
UNLOCK TABLES;

--
-- Table structure for table `message_tags`
--

DROP TABLE IF EXISTS `message_tags`;
/*!40101 SET @saved_cs_client     = @@character_set_client */;
/*!50503 SET character_set_client = utf8mb4 */;
CREATE TABLE `message_tags` (
  `message_id` int(11) NOT NULL,
  `tags` varchar(255) DEFAULT NULL,
  KEY `FKk6j00y1eiyu6qe5gad8rvefed` (`message_id`),
  CONSTRAINT `FKk6j00y1eiyu6qe5gad8rvefed` FOREIGN KEY (`message_id`) REFERENCES `message` (`id`)
) ENGINE=InnoDB DEFAULT CHARSET=utf8mb4 COLLATE=utf8mb4_0900_ai_ci;
/*!40101 SET character_set_client = @saved_cs_client */;

--
-- Dumping data for table `message_tags`
--

LOCK TABLES `message_tags` WRITE;
/*!40000 ALTER TABLE `message_tags` DISABLE KEYS */;
INSERT INTO `message_tags` VALUES (1828,'Challenge'),(1829,'Price'),(1829,'Dicussion');
/*!40000 ALTER TABLE `message_tags` ENABLE KEYS */;
UNLOCK TABLES;

--
-- Table structure for table `notice`
--

DROP TABLE IF EXISTS `notice`;
/*!40101 SET @saved_cs_client     = @@character_set_client */;
/*!50503 SET character_set_client = utf8mb4 */;
CREATE TABLE `notice` (
  `id` int(11) NOT NULL,
  `version` int(11) NOT NULL,
  `body` varchar(255) DEFAULT NULL,
  `creation_date` datetime(6) DEFAULT NULL,
  `deadline` datetime(6) DEFAULT NULL,
  `header_picture` varchar(255) DEFAULT NULL,
  `title` varchar(255) DEFAULT NULL,
  PRIMARY KEY (`id`)
) ENGINE=InnoDB DEFAULT CHARSET=utf8mb4 COLLATE=utf8mb4_0900_ai_ci;
/*!40101 SET character_set_client = @saved_cs_client */;

--
-- Dumping data for table `notice`
--

LOCK TABLES `notice` WRITE;
/*!40000 ALTER TABLE `notice` DISABLE KEYS */;
INSERT INTO `notice` VALUES (1749,0,'News uncovering fakes','2019-10-29 18:30:00.000000','2019-11-30 11:00:00.000000','https://static.leonoticias.com/www/multimedia/202003/27/media/cortadas/bulo_648x400-kNyD-U1006945261959vH-624x385@RC.jpg','Fake news'),(1750,0,'Covid regrowth in Reina Mercedes','2019-09-03 13:30:00.000000','2029-11-29 11:00:00.000000','https://images11.eitb.eus/multimedia/images/2020/05/22/2608481/20200522152310_mensaje-bulo-whatsapp-ita_foto610x342.jpg','Covid19'),(1751,0,'Important news','2020-02-27 22:30:00.000000','2022-03-30 10:00:00.000000','https://as2.ftcdn.net/jpg/00/73/01/49/500_F_73014977_1a95eg4IhCefx1QTGEPOQ12lFgXp4idw.jpg','Important notice'),(1752,0,'Breaking news','2019-12-29 19:30:00.000000','2023-01-30 11:00:00.000000','https://image.shutterstock.com/image-vector/breaking-news-world-map-backgorund-260nw-631989002.jpg','Breaking news'),(1753,0,'Sky news','2020-04-03 11:30:00.000000','2024-05-02 12:00:00.000000','https://news.sky.com/resources/sky-news-logo.png?v=1?bypass-service-worker','Sky news'),(1754,0,'Top exciting news','2019-10-13 17:30:00.000000','2021-11-15 11:00:00.000000','https://friendsofcpjma.com/files/2019/11/c13c96feb8ed4c03b82d16bf83c19509_Fotolia_190331197_Subscription_Monthly_XXL-1156-577-c.jpg','Exciting news');
/*!40000 ALTER TABLE `notice` ENABLE KEYS */;
UNLOCK TABLES;

--
-- Table structure for table `notice_related_notices`
--

DROP TABLE IF EXISTS `notice_related_notices`;
/*!40101 SET @saved_cs_client     = @@character_set_client */;
/*!50503 SET character_set_client = utf8mb4 */;
CREATE TABLE `notice_related_notices` (
  `notice_id` int(11) NOT NULL,
  `related_notices` varchar(255) DEFAULT NULL,
  KEY `FKqc9an4dp5k6wuis8dyx289lg2` (`notice_id`),
  CONSTRAINT `FKqc9an4dp5k6wuis8dyx289lg2` FOREIGN KEY (`notice_id`) REFERENCES `notice` (`id`)
) ENGINE=InnoDB DEFAULT CHARSET=utf8mb4 COLLATE=utf8mb4_0900_ai_ci;
/*!40101 SET character_set_client = @saved_cs_client */;

--
-- Dumping data for table `notice_related_notices`
--

LOCK TABLES `notice_related_notices` WRITE;
/*!40000 ALTER TABLE `notice_related_notices` DISABLE KEYS */;
INSERT INTO `notice_related_notices` VALUES (1750,'https://www.xataka.com/videojuegos/todos-juegos-para-xbox-series-x-que-microsoft-acaba-presentar-nueva-xbox-viene-bien-cargada-titulos-nuevos\n				'),(1750,'https://www.xataka.com/cine-y-tv/13-series-similares-a-dark-para-ver-te-ha-gustado-fenomeno-netflix'),(1751,'https://edition.cnn.com/2020/08/02/asia/foreign-wives-south-korea-intl-hnk-dst/index.html'),(1751,'https://news.sky.com/story/coronavirus-the-infection-numbers-in-real-time-11942138');
/*!40000 ALTER TABLE `notice_related_notices` ENABLE KEYS */;
UNLOCK TABLES;

--
-- Table structure for table `overture`
--

DROP TABLE IF EXISTS `overture`;
/*!40101 SET @saved_cs_client     = @@character_set_client */;
/*!50503 SET character_set_client = utf8mb4 */;
CREATE TABLE `overture` (
  `id` int(11) NOT NULL,
  `version` int(11) NOT NULL,
  `creation_moment` datetime(6) DEFAULT NULL,
  `deadline` datetime(6) DEFAULT NULL,
  `description` varchar(255) DEFAULT NULL,
  `email` varchar(255) DEFAULT NULL,
  `max_money_amount` double DEFAULT NULL,
  `max_money_currency` varchar(255) DEFAULT NULL,
  `min_money_amount` double DEFAULT NULL,
  `min_money_currency` varchar(255) DEFAULT NULL,
  `title` varchar(255) DEFAULT NULL,
  PRIMARY KEY (`id`)
) ENGINE=InnoDB DEFAULT CHARSET=utf8mb4 COLLATE=utf8mb4_0900_ai_ci;
/*!40101 SET character_set_client = @saved_cs_client */;

--
-- Dumping data for table `overture`
--

LOCK TABLES `overture` WRITE;
/*!40000 ALTER TABLE `overture` DISABLE KEYS */;
INSERT INTO `overture` VALUES (1737,0,'2020-02-02 18:22:00.000000','2021-02-02 18:22:00.000000','Proposal for overture 1','overture1@email.com',100,'‚Ç¨',50,'‚Ç¨','First proposal'),(1738,0,'2019-10-02 06:12:00.000000','2020-02-02 18:22:00.000000','Proposal for overture 2','overture2@email.com',500,'‚Ç¨',350,'‚Ç¨','Second proposal'),(1739,0,'2019-12-18 12:22:00.000000','2020-07-02 17:22:00.000000','Proposal for overture 3','overture3@email.com',800,'‚Ç¨',500,'‚Ç¨','Third proposal'),(1740,0,'2020-02-02 18:22:00.000000','2024-10-08 11:26:00.000000','Proposal for overture 4','overture4@email.com',500,'‚Ç¨',130,'‚Ç¨','Fourth proposal'),(1741,0,'2020-05-23 04:57:00.000000','2021-07-24 21:01:00.000000','Proposal for overture 5','overture5@email.com',870,'‚Ç¨',420,'‚Ç¨','Fifth proposal'),(1742,0,'2020-08-02 19:34:00.000000','2022-07-09 10:32:00.000000','Proposal for overture 6','overture6@email.com',1000,'‚Ç¨',505,'‚Ç¨','Sixth proposal');
/*!40000 ALTER TABLE `overture` ENABLE KEYS */;
UNLOCK TABLES;

--
-- Table structure for table `patron`
--

DROP TABLE IF EXISTS `patron`;
/*!40101 SET @saved_cs_client     = @@character_set_client */;
/*!50503 SET character_set_client = utf8mb4 */;
CREATE TABLE `patron` (
  `id` int(11) NOT NULL,
  `version` int(11) NOT NULL,
  `user_account_id` int(11) DEFAULT NULL,
  `organisation_name` varchar(255) DEFAULT NULL,
  `card_id` int(11) DEFAULT NULL,
  PRIMARY KEY (`id`),
  KEY `FKlyiwy22y6u5hmqeb4s0bmoh13` (`card_id`),
  KEY `FK_8xx5nujhuio3advxc2freyu65` (`user_account_id`),
  CONSTRAINT `FK_8xx5nujhuio3advxc2freyu65` FOREIGN KEY (`user_account_id`) REFERENCES `user_account` (`id`),
  CONSTRAINT `FKlyiwy22y6u5hmqeb4s0bmoh13` FOREIGN KEY (`card_id`) REFERENCES `credit_card` (`id`)
) ENGINE=InnoDB DEFAULT CHARSET=utf8mb4 COLLATE=utf8mb4_0900_ai_ci;
/*!40101 SET character_set_client = @saved_cs_client */;

--
-- Dumping data for table `patron`
--

LOCK TABLES `patron` WRITE;
/*!40000 ALTER TABLE `patron` DISABLE KEYS */;
INSERT INTO `patron` VALUES (1726,0,1725,'Pepsico and NFL',NULL),(1729,0,1728,'TechCrunch Disrupt',NULL);
/*!40000 ALTER TABLE `patron` ENABLE KEYS */;
UNLOCK TABLES;

--
-- Table structure for table `provider`
--

DROP TABLE IF EXISTS `provider`;
/*!40101 SET @saved_cs_client     = @@character_set_client */;
/*!50503 SET character_set_client = utf8mb4 */;
CREATE TABLE `provider` (
  `id` int(11) NOT NULL,
  `version` int(11) NOT NULL,
  `user_account_id` int(11) DEFAULT NULL,
  `company` varchar(255) DEFAULT NULL,
  `sector` varchar(255) DEFAULT NULL,
  PRIMARY KEY (`id`),
  KEY `FK_b1gwnjqm6ggy9yuiqm0o4rlmd` (`user_account_id`),
  CONSTRAINT `FK_b1gwnjqm6ggy9yuiqm0o4rlmd` FOREIGN KEY (`user_account_id`) REFERENCES `user_account` (`id`)
) ENGINE=InnoDB DEFAULT CHARSET=utf8mb4 COLLATE=utf8mb4_0900_ai_ci;
/*!40101 SET character_set_client = @saved_cs_client */;

--
-- Dumping data for table `provider`
--

LOCK TABLES `provider` WRITE;
/*!40000 ALTER TABLE `provider` DISABLE KEYS */;
/*!40000 ALTER TABLE `provider` ENABLE KEYS */;
UNLOCK TABLES;

--
-- Table structure for table `ruizbulletin`
--

DROP TABLE IF EXISTS `ruizbulletin`;
/*!40101 SET @saved_cs_client     = @@character_set_client */;
/*!50503 SET character_set_client = utf8mb4 */;
CREATE TABLE `ruizbulletin` (
  `id` int(11) NOT NULL,
  `version` int(11) NOT NULL,
  `email` varchar(255) DEFAULT NULL,
  `favourite_films` varchar(255) DEFAULT NULL,
  `name` varchar(255) DEFAULT NULL,
  `surname` varchar(255) DEFAULT NULL,
  PRIMARY KEY (`id`)
) ENGINE=InnoDB DEFAULT CHARSET=utf8mb4 COLLATE=utf8mb4_0900_ai_ci;
/*!40101 SET character_set_client = @saved_cs_client */;

--
-- Dumping data for table `ruizbulletin`
--

LOCK TABLES `ruizbulletin` WRITE;
/*!40000 ALTER TABLE `ruizbulletin` DISABLE KEYS */;
INSERT INTO `ruizbulletin` VALUES (1695,0,'javiru@gmail.com','Karate a muerte en Torremolinos','Javie','Ruiz');
/*!40000 ALTER TABLE `ruizbulletin` ENABLE KEYS */;
UNLOCK TABLES;

--
-- Table structure for table `spam_list`
--

DROP TABLE IF EXISTS `spam_list`;
/*!40101 SET @saved_cs_client     = @@character_set_client */;
/*!50503 SET character_set_client = utf8mb4 */;
CREATE TABLE `spam_list` (
  `id` int(11) NOT NULL,
  `version` int(11) NOT NULL,
  `spam_threshold` double DEFAULT NULL,
  PRIMARY KEY (`id`)
) ENGINE=InnoDB DEFAULT CHARSET=utf8mb4 COLLATE=utf8mb4_0900_ai_ci;
/*!40101 SET character_set_client = @saved_cs_client */;

--
-- Dumping data for table `spam_list`
--

LOCK TABLES `spam_list` WRITE;
/*!40000 ALTER TABLE `spam_list` DISABLE KEYS */;
INSERT INTO `spam_list` VALUES (1773,0,2.5);
/*!40000 ALTER TABLE `spam_list` ENABLE KEYS */;
UNLOCK TABLES;

--
-- Table structure for table `spam_word`
--

DROP TABLE IF EXISTS `spam_word`;
/*!40101 SET @saved_cs_client     = @@character_set_client */;
/*!50503 SET character_set_client = utf8mb4 */;
CREATE TABLE `spam_word` (
  `id` int(11) NOT NULL,
  `version` int(11) NOT NULL,
  `english_translation` varchar(255) DEFAULT NULL,
  `spanish_translation` varchar(255) DEFAULT NULL,
  `spam_list_id` int(11) NOT NULL,
  PRIMARY KEY (`id`),
  KEY `IDXhanrt2fsn54h9gc72io7efxv1` (`english_translation`),
  KEY `FKt810pcdonbdfbt4vi2vfmukgq` (`spam_list_id`),
  CONSTRAINT `FKt810pcdonbdfbt4vi2vfmukgq` FOREIGN KEY (`spam_list_id`) REFERENCES `spam_list` (`id`)
) ENGINE=InnoDB DEFAULT CHARSET=utf8mb4 COLLATE=utf8mb4_0900_ai_ci;
/*!40101 SET character_set_client = @saved_cs_client */;

--
-- Dumping data for table `spam_word`
--

LOCK TABLES `spam_word` WRITE;
/*!40000 ALTER TABLE `spam_word` DISABLE KEYS */;
INSERT INTO `spam_word` VALUES (1821,0,'sex','sexo',1773),(1822,0,'hard core','hard core',1773),(1823,0,'viagra','viagra',1773),(1824,0,'cialis','cialis',1773),(1825,0,'nigeria','nigeria',1773),(1826,0,'you¬¥ve won','has ganado',1773),(1827,0,'million dollar','mill√≥n de d√≥lares',1773);
/*!40000 ALTER TABLE `spam_word` ENABLE KEYS */;
UNLOCK TABLES;

--
-- Table structure for table `technology_record`
--

DROP TABLE IF EXISTS `technology_record`;
/*!40101 SET @saved_cs_client     = @@character_set_client */;
/*!50503 SET character_set_client = utf8mb4 */;
CREATE TABLE `technology_record` (
  `id` int(11) NOT NULL,
  `version` int(11) NOT NULL,
  `description` varchar(255) DEFAULT NULL,
  `email` varchar(255) DEFAULT NULL,
  `inventor` varchar(255) DEFAULT NULL,
  `open_source` bit(1) DEFAULT NULL,
  `stars` int(11) DEFAULT NULL,
  `title` varchar(255) DEFAULT NULL,
  `website` varchar(255) DEFAULT NULL,
  `activity_sector_id` int(11) DEFAULT NULL,
  PRIMARY KEY (`id`),
  KEY `FK8u46778j70eyi41arwj6oj830` (`activity_sector_id`),
  CONSTRAINT `FK8u46778j70eyi41arwj6oj830` FOREIGN KEY (`activity_sector_id`) REFERENCES `activity_sector` (`id`)
) ENGINE=InnoDB DEFAULT CHARSET=utf8mb4 COLLATE=utf8mb4_0900_ai_ci;
/*!40101 SET character_set_client = @saved_cs_client */;

--
-- Dumping data for table `technology_record`
--

LOCK TABLES `technology_record` WRITE;
/*!40000 ALTER TABLE `technology_record` DISABLE KEYS */;
INSERT INTO `technology_record` VALUES (1743,1,'Technology record 1','tech1@email.com','John Deep',_binary '',3,'Technology record 1','http://www.google.com',1777),(1744,1,'Technology record 2','tech2@email.com','Peter Cyrus',_binary '\0',1,'Technology record 2','http://www.youtube.com',1776),(1745,1,'Technology record 3','tech3@email.com','Mery Lovin',_binary '',-1,'Technology record 3','http://www.pinterest.com',1776),(1746,1,'Technology record 4','tech4@email.com','Anne Pie',_binary '',4,'Technology record 4','http://www.twitter.com',1774),(1747,1,'Technology record 5','tech5@email.com','Mary Jean',_binary '\0',5,'Technology record 5','http://www.spotify.com',1776),(1748,1,'Technology record 6','tech6@email.com','Frank Port',_binary '',2,'Technology record 6','https://www.google.es/maps',1777);
/*!40000 ALTER TABLE `technology_record` ENABLE KEYS */;
UNLOCK TABLES;

--
-- Table structure for table `tool_record`
--

DROP TABLE IF EXISTS `tool_record`;
/*!40101 SET @saved_cs_client     = @@character_set_client */;
/*!50503 SET character_set_client = utf8mb4 */;
CREATE TABLE `tool_record` (
  `id` int(11) NOT NULL,
  `version` int(11) NOT NULL,
  `description` varchar(255) DEFAULT NULL,
  `email` varchar(255) DEFAULT NULL,
  `inventor_name` varchar(255) DEFAULT NULL,
  `open_source` bit(1) DEFAULT NULL,
  `stars` int(11) DEFAULT NULL,
  `title` varchar(255) DEFAULT NULL,
  `web_site` varchar(255) DEFAULT NULL,
  `activity_sector_id` int(11) DEFAULT NULL,
  PRIMARY KEY (`id`),
  KEY `FK3qw0ejiyueyfj8uf2ubb642nh` (`activity_sector_id`),
  CONSTRAINT `FK3qw0ejiyueyfj8uf2ubb642nh` FOREIGN KEY (`activity_sector_id`) REFERENCES `activity_sector` (`id`)
) ENGINE=InnoDB DEFAULT CHARSET=utf8mb4 COLLATE=utf8mb4_0900_ai_ci;
/*!40101 SET character_set_client = @saved_cs_client */;

--
-- Dumping data for table `tool_record`
--

LOCK TABLES `tool_record` WRITE;
/*!40000 ALTER TABLE `tool_record` DISABLE KEYS */;
INSERT INTO `tool_record` VALUES (1761,1,'Collaborative development platform','contacto@github.com','Chris Wanstrath, P. J. Hyett, Tom Preston-Werner and Scott Chacon',_binary '',4,'GitHub','https://github.com/',1775),(1762,1,'A question and answer site for professional and hobby programmers','contacto@stackoverflow.com','Jeff Atwood and Joel Spolsky',_binary '',5,'Stack overflow','https://stackoverflow.com/',1774),(1763,1,'Project that automates the deployment of applications inside software containers','contacto@docker.com','Solomon Hykes',_binary '',-2,'Docker','https://www.docker.com/',1774),(1764,1,'Modular, web-based software to support IT operations in terms of IT service management','contacto@itop.com','The technology group Hewlett-Packard',_binary '',-3,'iTop','https://www.itop.es/',1777),(1765,1,'Platform to evaluate source code','contacto@sonarqube.com','Freddy Mallet',_binary '',3,'SonarQube','https://www.sonarqube.org/',1775),(1766,1,'Git-based collaborative software development and version control web service','contacto@gitlab.com','Dmitriy Zaporozhets y Valery Sizov',_binary '\0',5,'GitLab','https://gitlab.com/',1774);
/*!40000 ALTER TABLE `tool_record` ENABLE KEYS */;
UNLOCK TABLES;

--
-- Table structure for table `user_account`
--

DROP TABLE IF EXISTS `user_account`;
/*!40101 SET @saved_cs_client     = @@character_set_client */;
/*!50503 SET character_set_client = utf8mb4 */;
CREATE TABLE `user_account` (
  `id` int(11) NOT NULL,
  `version` int(11) NOT NULL,
  `enabled` bit(1) NOT NULL,
  `identity_email` varchar(255) DEFAULT NULL,
  `identity_name` varchar(255) DEFAULT NULL,
  `identity_surname` varchar(255) DEFAULT NULL,
  `password` varchar(255) DEFAULT NULL,
  `username` varchar(255) DEFAULT NULL,
  PRIMARY KEY (`id`),
  UNIQUE KEY `UK_castjbvpeeus0r8lbpehiu0e4` (`username`)
) ENGINE=InnoDB DEFAULT CHARSET=utf8mb4 COLLATE=utf8mb4_0900_ai_ci;
/*!40101 SET character_set_client = @saved_cs_client */;

--
-- Dumping data for table `user_account`
--

LOCK TABLES `user_account` WRITE;
/*!40000 ALTER TABLE `user_account` DISABLE KEYS */;
INSERT INTO `user_account` VALUES (1,0,_binary '\0','john.doe@acme.com','John','Doe','$2a$05$HCs.I0cls/gr5jUzIZnqJem2PxZkO3PpdqfeJiIVB32X4HVcY/Y3q','anonymous'),(3,0,_binary '','administrator@acme.com','Administrator','Acme.com','$2a$05$0Zn0HWfPLL8cQy4JwGN5HObrnzjiVP38tkCHSpDXbtQ0SnWEu8lEm','administrator'),(1702,0,_binary '','ryanwest@acme.com','Ryan','West','$2a$05$TbzCFhciW0S2IbVAvvrUGu9VEQ.RHsqSPxvnrYc25Us/iA0eZWM3G','bookkeeper1'),(1705,0,_binary '','tiffany@acme.com','Tiffany','Smith','$2a$05$Ivn1oiKl1ww2EGTMw4tCFuKl8O.2m79qxjoho9XF6rX32gNds13/6','bookkeeper2'),(1708,0,_binary '','jhon@acme.com','Jhon','Fill','$2a$05$Oi1bVbqp40b9YBg4438aceizzFQ1tQoW7lmgWxuoXkF06KXyqRfKW','bookkeeper3'),(1711,0,_binary '','lisawest@acme.com','Lis','Wst','$2a$05$4.xvr7/yfeIo4ZrzTCgLGumAFLCBGBZroWB5MFc2LBp8Xm5WaUEIm','investor1'),(1713,0,_binary '','javier@acme.com','Javier','Ruiz','$2a$05$OQD2ivsRlk4A/vdTwI/bfu.EAhwn6RaAxqcGAXhDJGd8EWp5Rv4Cy','investor2'),(1715,0,_binary '','emi@acme.com','Emi','Col','$2a$05$2FRSZxkS5kTM5NPhKhiILeyAwRwQmNDbwniMmysB3X0k5au4ItuCW','investor3'),(1717,0,_binary '','mari@acme.com','Mari','Cas','$2a$05$.4Wv7b31kcIHgKwD.giokOn9sJnUXafrlSn.u8/H.YHkQRmqSnTs6','investor4'),(1719,0,_binary '','lisawest@acme.com','Lisa','West','$2a$05$wmEOgFgvCDbiyDTnf.CPxOF8kNLy/eDBBFw4D7MzEpkiBkhm7BDtG','entrepreneur1'),(1722,0,_binary '','johnwebster@acme.com','John','Webster','$2a$05$yTJb4S4MkDD8GjTmGp4kq.qjil2skKtOs3.bDYPkZqXhCDRPA4sY.','entrepreneur2'),(1725,0,_binary '','marycollin@acme.com','Mary','Collin','$2a$05$LEzHl5cpiV9rOjwYRS0IX.Brw4ewfu3rFGq3lN9292piJXLKghKbu','patron1'),(1728,0,_binary '','frankboomer@acme.com','Frank','Boomer','$2a$05$VkE5JJ.vv9fyuAdvBTp4Re2JmaFKK0bG0EW3gWsXehUBlOTueqHvy','patron2');
/*!40000 ALTER TABLE `user_account` ENABLE KEYS */;
UNLOCK TABLES;
/*!40103 SET TIME_ZONE=@OLD_TIME_ZONE */;

/*!40101 SET SQL_MODE=@OLD_SQL_MODE */;
/*!40014 SET FOREIGN_KEY_CHECKS=@OLD_FOREIGN_KEY_CHECKS */;
/*!40014 SET UNIQUE_CHECKS=@OLD_UNIQUE_CHECKS */;
/*!40101 SET CHARACTER_SET_CLIENT=@OLD_CHARACTER_SET_CLIENT */;
/*!40101 SET CHARACTER_SET_RESULTS=@OLD_CHARACTER_SET_RESULTS */;
/*!40101 SET COLLATION_CONNECTION=@OLD_COLLATION_CONNECTION */;
/*!40111 SET SQL_NOTES=@OLD_SQL_NOTES */;

-- Dump completed on 2020-08-28 19:11:55
